{"cameraMode":{"drawMode":0,"name":"Shaded","section":"Shading Mode"},"sceneLighting":true,"audioPlay":false,"sceneViewState":{"m_AlwaysRefresh":false,"showFog":true,"showSkybox":true,"showFlares":true,"showImageEffects":true,"showParticleSystems":true,"showVisualEffectGraphs":true,"m_FxEnabled":true},"in2DMode":false,"pivot":{"x":4.989760875701904,"y":11.772194862365723,"z":-2.1885123252868654},"rotation":{"x":0.6190502047538757,"y":-0.15649081766605378,"z":0.12782098352909089,"w":0.7593633532524109},"size":1.0896551609039307,"orthographic":true}